UNASSIGNED,gs://automl_image_data_my/cruise_ship/1.jpg,Cruise_ships
UNASSIGNED,gs://automl_image_data_my/cruise_ship/10.jpg,Cruise_ships
UNASSIGNED,gs://automl_image_data_my/cruise_ship/11.jpg,Cruise_ships
UNASSIGNED,gs://automl_image_data_my/cruise_ship/12.jpg,Cruise_ships
UNASSIGNED,gs://automl_image_data_my/cruise_ship/13.jpg,Cruise_ships
UNASSIGNED,gs://automl_image_data_my/cruise_ship/14.jpg,Cruise_ships
UNASSIGNED,gs://automl_image_data_my/cruise_ship/15.jpg,Cruise_ships
UNASSIGNED,gs://automl_image_data_my/cruise_ship/16.jpg,Cruise_ships
UNASSIGNED,gs://automl_image_data_my/cruise_ship/17.jpg,Cruise_ships
UNASSIGNED,gs://automl_image_data_my/cruise_ship/18.jpg,Cruise_ships
UNASSIGNED,gs://automl_image_data_my/cruise_ship/19.jpg,Cruise_ships
UNASSIGNED,gs://automl_image_data_my/cruise_ship/2.jpg,Cruise_ships
UNASSIGNED,gs://automl_image_data_my/cruise_ship/20.jpg,Cruise_ships
UNASSIGNED,gs://automl_image_data_my/cruise_ship/21.jpg,Cruise_ships
UNASSIGNED,gs://automl_image_data_my/cruise_ship/22.jpg,Cruise_ships
UNASSIGNED,gs://automl_image_data_my/cruise_ship/23.jpg,Cruise_ships
UNASSIGNED,gs://automl_image_data_my/cruise_ship/24.jpg,Cruise_ships
UNASSIGNED,gs://automl_image_data_my/cruise_ship/25.jpg,Cruise_ships
UNASSIGNED,gs://automl_image_data_my/cruise_ship/26.jpg,Cruise_ships
UNASSIGNED,gs://automl_image_data_my/cruise_ship/27.jpg,Cruise_ships
UNASSIGNED,gs://automl_image_data_my/cruise_ship/28.jpg,Cruise_ships
UNASSIGNED,gs://automl_image_data_my/cruise_ship/29.jpg,Cruise_ships
UNASSIGNED,gs://automl_image_data_my/cruise_ship/3.jpg,Cruise_ships
UNASSIGNED,gs://automl_image_data_my/cruise_ship/30.jpg,Cruise_ships
UNASSIGNED,gs://automl_image_data_my/cruise_ship/31.jpg,Cruise_ships
UNASSIGNED,gs://automl_image_data_my/cruise_ship/32.jpg,Cruise_ships
UNASSIGNED,gs://automl_image_data_my/cruise_ship/33.jpg,Cruise_ships
UNASSIGNED,gs://automl_image_data_my/cruise_ship/34.jpg,Cruise_ships
UNASSIGNED,gs://automl_image_data_my/cruise_ship/35.jpg,Cruise_ships
UNASSIGNED,gs://automl_image_data_my/cruise_ship/36.jpg,Cruise_ships
UNASSIGNED,gs://automl_image_data_my/cruise_ship/37.jpg,Cruise_ships
UNASSIGNED,gs://automl_image_data_my/cruise_ship/38.jpg,Cruise_ships
UNASSIGNED,gs://automl_image_data_my/cruise_ship/39.jpg,Cruise_ships
UNASSIGNED,gs://automl_image_data_my/cruise_ship/4.jpg,Cruise_ships
UNASSIGNED,gs://automl_image_data_my/cruise_ship/40.jpg,Cruise_ships
UNASSIGNED,gs://automl_image_data_my/cruise_ship/41.jpg,Cruise_ships
UNASSIGNED,gs://automl_image_data_my/cruise_ship/42.jpg,Cruise_ships
UNASSIGNED,gs://automl_image_data_my/cruise_ship/43.jpg,Cruise_ships
UNASSIGNED,gs://automl_image_data_my/cruise_ship/44.jpg,Cruise_ships
UNASSIGNED,gs://automl_image_data_my/cruise_ship/45.jpg,Cruise_ships
UNASSIGNED,gs://automl_image_data_my/cruise_ship/46.jpg,Cruise_ships
UNASSIGNED,gs://automl_image_data_my/cruise_ship/47.jpg,Cruise_ships
UNASSIGNED,gs://automl_image_data_my/cruise_ship/48.jpg,Cruise_ships
UNASSIGNED,gs://automl_image_data_my/cruise_ship/49.jpg,Cruise_ships
UNASSIGNED,gs://automl_image_data_my/cruise_ship/5.jpg,Cruise_ships
UNASSIGNED,gs://automl_image_data_my/cruise_ship/50.jpg,Cruise_ships
UNASSIGNED,gs://automl_image_data_my/cruise_ship/6.jpg,Cruise_ships
UNASSIGNED,gs://automl_image_data_my/cruise_ship/7.jpg,Cruise_ships
UNASSIGNED,gs://automl_image_data_my/cruise_ship/8.jpg,Cruise_ships
UNASSIGNED,gs://automl_image_data_my/cruise_ship/9.jpg,Cruise_ships
UNASSIGNED,gs://automl_image_data_my/ferry_boat/1.jpg,Ferry_boat
UNASSIGNED,gs://automl_image_data_my/ferry_boat/10.jpg,Ferry_boat
UNASSIGNED,gs://automl_image_data_my/ferry_boat/11.jpg,Ferry_boat
UNASSIGNED,gs://automl_image_data_my/ferry_boat/12.jpg,Ferry_boat
UNASSIGNED,gs://automl_image_data_my/ferry_boat/13.jpg,Ferry_boat
UNASSIGNED,gs://automl_image_data_my/ferry_boat/14.jpg,Ferry_boat
UNASSIGNED,gs://automl_image_data_my/ferry_boat/15.jpg,Ferry_boat
UNASSIGNED,gs://automl_image_data_my/ferry_boat/16.jpg,Ferry_boat
UNASSIGNED,gs://automl_image_data_my/ferry_boat/17.jpg,Ferry_boat
UNASSIGNED,gs://automl_image_data_my/ferry_boat/18.jpg,Ferry_boat
UNASSIGNED,gs://automl_image_data_my/ferry_boat/19.jpg,Ferry_boat
UNASSIGNED,gs://automl_image_data_my/ferry_boat/2.jpg,Ferry_boat
UNASSIGNED,gs://automl_image_data_my/ferry_boat/20.jpg,Ferry_boat
UNASSIGNED,gs://automl_image_data_my/ferry_boat/21.jpg,Ferry_boat
UNASSIGNED,gs://automl_image_data_my/ferry_boat/22.jpg,Ferry_boat
UNASSIGNED,gs://automl_image_data_my/ferry_boat/23.jpg,Ferry_boat
UNASSIGNED,gs://automl_image_data_my/ferry_boat/24.jpg,Ferry_boat
UNASSIGNED,gs://automl_image_data_my/ferry_boat/25.jpg,Ferry_boat
UNASSIGNED,gs://automl_image_data_my/ferry_boat/26.jpg,Ferry_boat
UNASSIGNED,gs://automl_image_data_my/ferry_boat/27.jpg,Ferry_boat
UNASSIGNED,gs://automl_image_data_my/ferry_boat/28.jpg,Ferry_boat
UNASSIGNED,gs://automl_image_data_my/ferry_boat/29.jpg,Ferry_boat
UNASSIGNED,gs://automl_image_data_my/ferry_boat/3.jpg,Ferry_boat
UNASSIGNED,gs://automl_image_data_my/ferry_boat/30.jpg,Ferry_boat
UNASSIGNED,gs://automl_image_data_my/ferry_boat/31.jpg,Ferry_boat
UNASSIGNED,gs://automl_image_data_my/ferry_boat/32.jpg,Ferry_boat
UNASSIGNED,gs://automl_image_data_my/ferry_boat/33.jpg,Ferry_boat
UNASSIGNED,gs://automl_image_data_my/ferry_boat/34.jpg,Ferry_boat
UNASSIGNED,gs://automl_image_data_my/ferry_boat/35.jpg,Ferry_boat
UNASSIGNED,gs://automl_image_data_my/ferry_boat/36.jpg,Ferry_boat
UNASSIGNED,gs://automl_image_data_my/ferry_boat/37.jpg,Ferry_boat
UNASSIGNED,gs://automl_image_data_my/ferry_boat/38.jpg,Ferry_boat
UNASSIGNED,gs://automl_image_data_my/ferry_boat/39.jpg,Ferry_boat
UNASSIGNED,gs://automl_image_data_my/ferry_boat/4.jpg,Ferry_boat
UNASSIGNED,gs://automl_image_data_my/ferry_boat/40.jpg,Ferry_boat
UNASSIGNED,gs://automl_image_data_my/ferry_boat/41.jpg,Ferry_boat
UNASSIGNED,gs://automl_image_data_my/ferry_boat/42.jpg,Ferry_boat
UNASSIGNED,gs://automl_image_data_my/ferry_boat/43.jpg,Ferry_boat
UNASSIGNED,gs://automl_image_data_my/ferry_boat/44.jpg,Ferry_boat
UNASSIGNED,gs://automl_image_data_my/ferry_boat/45.jpg,Ferry_boat
UNASSIGNED,gs://automl_image_data_my/ferry_boat/46.jpg,Ferry_boat
UNASSIGNED,gs://automl_image_data_my/ferry_boat/47.jpg,Ferry_boat
UNASSIGNED,gs://automl_image_data_my/ferry_boat/48.jpg,Ferry_boat
UNASSIGNED,gs://automl_image_data_my/ferry_boat/49.jpg,Ferry_boat
UNASSIGNED,gs://automl_image_data_my/ferry_boat/5.jpg,Ferry_boat
UNASSIGNED,gs://automl_image_data_my/ferry_boat/50.jpg,Ferry_boat
UNASSIGNED,gs://automl_image_data_my/ferry_boat/6.jpg,Ferry_boat
UNASSIGNED,gs://automl_image_data_my/ferry_boat/7.jpg,Ferry_boat
UNASSIGNED,gs://automl_image_data_my/ferry_boat/8.jpg,Ferry_boat
UNASSIGNED,gs://automl_image_data_my/ferry_boat/9.jpg,Ferry_boat
UNASSIGNED,gs://automl_image_data_my/kayak/1.jpg,Kayak
UNASSIGNED,gs://automl_image_data_my/kayak/10.jpg,Kayak
UNASSIGNED,gs://automl_image_data_my/kayak/11.jpg,Kayak
UNASSIGNED,gs://automl_image_data_my/kayak/12.jpg,Kayak
UNASSIGNED,gs://automl_image_data_my/kayak/13.jpg,Kayak
UNASSIGNED,gs://automl_image_data_my/kayak/14.jpg,Kayak
UNASSIGNED,gs://automl_image_data_my/kayak/15.jpg,Kayak
UNASSIGNED,gs://automl_image_data_my/kayak/16.jpg,Kayak
UNASSIGNED,gs://automl_image_data_my/kayak/17.jpg,Kayak
UNASSIGNED,gs://automl_image_data_my/kayak/18.jpg,Kayak
UNASSIGNED,gs://automl_image_data_my/kayak/19.jpg,Kayak
UNASSIGNED,gs://automl_image_data_my/kayak/2.jpg,Kayak
UNASSIGNED,gs://automl_image_data_my/kayak/20.jpg,Kayak
UNASSIGNED,gs://automl_image_data_my/kayak/21.jpg,Kayak
UNASSIGNED,gs://automl_image_data_my/kayak/22.jpg,Kayak
UNASSIGNED,gs://automl_image_data_my/kayak/23.jpg,Kayak
UNASSIGNED,gs://automl_image_data_my/kayak/24.jpg,Kayak
UNASSIGNED,gs://automl_image_data_my/kayak/25.jpg,Kayak
UNASSIGNED,gs://automl_image_data_my/kayak/26.jpg,Kayak
UNASSIGNED,gs://automl_image_data_my/kayak/27.jpg,Kayak
UNASSIGNED,gs://automl_image_data_my/kayak/28.jpg,Kayak
UNASSIGNED,gs://automl_image_data_my/kayak/29.jpg,Kayak
UNASSIGNED,gs://automl_image_data_my/kayak/3.jpg,Kayak
UNASSIGNED,gs://automl_image_data_my/kayak/30.jpg,Kayak
UNASSIGNED,gs://automl_image_data_my/kayak/31.jpg,Kayak
UNASSIGNED,gs://automl_image_data_my/kayak/32.jpg,Kayak
UNASSIGNED,gs://automl_image_data_my/kayak/33.jpg,Kayak
UNASSIGNED,gs://automl_image_data_my/kayak/34.jpg,Kayak
UNASSIGNED,gs://automl_image_data_my/kayak/35.jpg,Kayak
UNASSIGNED,gs://automl_image_data_my/kayak/36.jpg,Kayak
UNASSIGNED,gs://automl_image_data_my/kayak/37.jpg,Kayak
UNASSIGNED,gs://automl_image_data_my/kayak/38.jpg,Kayak
UNASSIGNED,gs://automl_image_data_my/kayak/39.jpg,Kayak
UNASSIGNED,gs://automl_image_data_my/kayak/4.jpg,Kayak
UNASSIGNED,gs://automl_image_data_my/kayak/40.jpg,Kayak
UNASSIGNED,gs://automl_image_data_my/kayak/41.jpg,Kayak
UNASSIGNED,gs://automl_image_data_my/kayak/42.jpg,Kayak
UNASSIGNED,gs://automl_image_data_my/kayak/43.jpg,Kayak
UNASSIGNED,gs://automl_image_data_my/kayak/44.jpg,Kayak
UNASSIGNED,gs://automl_image_data_my/kayak/45.jpg,Kayak
UNASSIGNED,gs://automl_image_data_my/kayak/46.jpg,Kayak
UNASSIGNED,gs://automl_image_data_my/kayak/47.jpg,Kayak
UNASSIGNED,gs://automl_image_data_my/kayak/48.jpg,Kayak
UNASSIGNED,gs://automl_image_data_my/kayak/49.jpg,Kayak
UNASSIGNED,gs://automl_image_data_my/kayak/5.jpg,Kayak
UNASSIGNED,gs://automl_image_data_my/kayak/50.jpg,Kayak
UNASSIGNED,gs://automl_image_data_my/kayak/6.jpg,Kayak
UNASSIGNED,gs://automl_image_data_my/kayak/7.jpg,Kayak
UNASSIGNED,gs://automl_image_data_my/kayak/8.jpg,Kayak
UNASSIGNED,gs://automl_image_data_my/kayak/9.jpg,Kayak
UNASSIGNED,gs://automl_image_data_my/cruise_ship/1.jpg,Cruise_ships
UNASSIGNED,gs://automl_image_data_my/cruise_ship/10.jpg,Cruise_ships
UNASSIGNED,gs://automl_image_data_my/cruise_ship/11.jpg,Cruise_ships
UNASSIGNED,gs://automl_image_data_my/cruise_ship/12.jpg,Cruise_ships
UNASSIGNED,gs://automl_image_data_my/cruise_ship/13.jpg,Cruise_ships
UNASSIGNED,gs://automl_image_data_my/cruise_ship/14.jpg,Cruise_ships
UNASSIGNED,gs://automl_image_data_my/cruise_ship/15.jpg,Cruise_ships
UNASSIGNED,gs://automl_image_data_my/cruise_ship/16.jpg,Cruise_ships
UNASSIGNED,gs://automl_image_data_my/cruise_ship/17.jpg,Cruise_ships
UNASSIGNED,gs://automl_image_data_my/ferry_boat/1.jpg,Ferry_boat
UNASSIGNED,gs://automl_image_data_my/ferry_boat/10.jpg,Ferry_boat
UNASSIGNED,gs://automl_image_data_my/ferry_boat/11.jpg,Ferry_boat
UNASSIGNED,gs://automl_image_data_my/ferry_boat/12.jpg,Ferry_boat
UNASSIGNED,gs://automl_image_data_my/ferry_boat/13.jpg,Ferry_boat
UNASSIGNED,gs://automl_image_data_my/ferry_boat/14.jpg,Ferry_boat
UNASSIGNED,gs://automl_image_data_my/ferry_boat/15.jpg,Ferry_boat
UNASSIGNED,gs://automl_image_data_my/ferry_boat/16.jpg,Ferry_boat
UNASSIGNED,gs://automl_image_data_my/ferry_boat/17.jpg,Ferry_boat
UNASSIGNED,gs://automl_image_data_my/ferry_boat/18.jpg,Ferry_boat
UNASSIGNED,gs://automl_image_data_my/ferry_boat/19.jpg,Ferry_boat
UNASSIGNED,gs://automl_image_data_my/ferry_boat/2.jpg,Ferry_boat
UNASSIGNED,gs://automl_image_data_my/ferry_boat/20.jpg,Ferry_boat
UNASSIGNED,gs://automl_image_data_my/ferry_boat/21.jpg,Ferry_boat
UNASSIGNED,gs://automl_image_data_my/ferry_boat/22.jpg,Ferry_boat
UNASSIGNED,gs://automl_image_data_my/ferry_boat/23.jpg,Ferry_boat
UNASSIGNED,gs://automl_image_data_my/ferry_boat/24.jpg,Ferry_boat
UNASSIGNED,gs://automl_image_data_my/ferry_boat/25.jpg,Ferry_boat
UNASSIGNED,gs://automl_image_data_my/ferry_boat/26.jpg,Ferry_boat
UNASSIGNED,gs://automl_image_data_my/ferry_boat/27.jpg,Ferry_boat
UNASSIGNED,gs://automl_image_data_my/ferry_boat/28.jpg,Ferry_boat
UNASSIGNED,gs://automl_image_data_my/ferry_boat/29.jpg,Ferry_boat
UNASSIGNED,gs://automl_image_data_my/ferry_boat/3.jpg,Ferry_boat
UNASSIGNED,gs://automl_image_data_my/ferry_boat/30.jpg,Ferry_boat
UNASSIGNED,gs://automl_image_data_my/ferry_boat/31.jpg,Ferry_boat
UNASSIGNED,gs://automl_image_data_my/ferry_boat/32.jpg,Ferry_boat
UNASSIGNED,gs://automl_image_data_my/ferry_boat/33.jpg,Ferry_boat
UNASSIGNED,gs://automl_image_data_my/ferry_boat/34.jpg,Ferry_boat
UNASSIGNED,gs://automl_image_data_my/ferry_boat/35.jpg,Ferry_boat
UNASSIGNED,gs://automl_image_data_my/ferry_boat/36.jpg,Ferry_boat
UNASSIGNED,gs://automl_image_data_my/ferry_boat/37.jpg,Ferry_boat
UNASSIGNED,gs://automl_image_data_my/ferry_boat/38.jpg,Ferry_boat
UNASSIGNED,gs://automl_image_data_my/ferry_boat/39.jpg,Ferry_boat
UNASSIGNED,gs://automl_image_data_my/ferry_boat/4.jpg,Ferry_boat
UNASSIGNED,gs://automl_image_data_my/ferry_boat/40.jpg,Ferry_boat
UNASSIGNED,gs://automl_image_data_my/ferry_boat/41.jpg,Ferry_boat
UNASSIGNED,gs://automl_image_data_my/ferry_boat/42.jpg,Ferry_boat
UNASSIGNED,gs://automl_image_data_my/ferry_boat/43.jpg,Ferry_boat
UNASSIGNED,gs://automl_image_data_my/ferry_boat/44.jpg,Ferry_boat
UNASSIGNED,gs://automl_image_data_my/ferry_boat/45.jpg,Ferry_boat
UNASSIGNED,gs://automl_image_data_my/ferry_boat/46.jpg,Ferry_boat
UNASSIGNED,gs://automl_image_data_my/ferry_boat/47.jpg,Ferry_boat
UNASSIGNED,gs://automl_image_data_my/ferry_boat/48.jpg,Ferry_boat
UNASSIGNED,gs://automl_image_data_my/ferry_boat/49.jpg,Ferry_boat
UNASSIGNED,gs://automl_image_data_my/ferry_boat/5.jpg,Ferry_boat
UNASSIGNED,gs://automl_image_data_my/ferry_boat/50.jpg,Ferry_boat
UNASSIGNED,gs://automl_image_data_my/ferry_boat/6.jpg,Ferry_boat
UNASSIGNED,gs://automl_image_data_my/ferry_boat/7.jpg,Ferry_boat
UNASSIGNED,gs://automl_image_data_my/ferry_boat/8.jpg,Ferry_boat
UNASSIGNED,gs://automl_image_data_my/ferry_boat/9.jpg,Ferry_boat
UNASSIGNED,gs://automl_image_data_my/kayak/1.jpg,Kayak
UNASSIGNED,gs://automl_image_data_my/kayak/10.jpg,Kayak
UNASSIGNED,gs://automl_image_data_my/kayak/11.jpg,Kayak
UNASSIGNED,gs://automl_image_data_my/kayak/12.jpg,Kayak
UNASSIGNED,gs://automl_image_data_my/kayak/13.jpg,Kayak
UNASSIGNED,gs://automl_image_data_my/kayak/14.jpg,Kayak
UNASSIGNED,gs://automl_image_data_my/kayak/15.jpg,Kayak
UNASSIGNED,gs://automl_image_data_my/kayak/16.jpg,Kayak
UNASSIGNED,gs://automl_image_data_my/kayak/17.jpg,Kayak
UNASSIGNED,gs://automl_image_data_my/kayak/18.jpg,Kayak
UNASSIGNED,gs://automl_image_data_my/kayak/19.jpg,Kayak
UNASSIGNED,gs://automl_image_data_my/kayak/2.jpg,Kayak
UNASSIGNED,gs://automl_image_data_my/kayak/20.jpg,Kayak
UNASSIGNED,gs://automl_image_data_my/kayak/21.jpg,Kayak
UNASSIGNED,gs://automl_image_data_my/kayak/22.jpg,Kayak
UNASSIGNED,gs://automl_image_data_my/kayak/23.jpg,Kayak
UNASSIGNED,gs://automl_image_data_my/kayak/24.jpg,Kayak
UNASSIGNED,gs://automl_image_data_my/kayak/25.jpg,Kayak
UNASSIGNED,gs://automl_image_data_my/kayak/26.jpg,Kayak
UNASSIGNED,gs://automl_image_data_my/kayak/27.jpg,Kayak
UNASSIGNED,gs://automl_image_data_my/kayak/28.jpg,Kayak
UNASSIGNED,gs://automl_image_data_my/kayak/29.jpg,Kayak
UNASSIGNED,gs://automl_image_data_my/kayak/3.jpg,Kayak
UNASSIGNED,gs://automl_image_data_my/kayak/30.jpg,Kayak
UNASSIGNED,gs://automl_image_data_my/kayak/31.jpg,Kayak
UNASSIGNED,gs://automl_image_data_my/kayak/32.jpg,Kayak
UNASSIGNED,gs://automl_image_data_my/kayak/33.jpg,Kayak
UNASSIGNED,gs://automl_image_data_my/kayak/34.jpg,Kayak
UNASSIGNED,gs://automl_image_data_my/kayak/35.jpg,Kayak
UNASSIGNED,gs://automl_image_data_my/kayak/36.jpg,Kayak
UNASSIGNED,gs://automl_image_data_my/kayak/37.jpg,Kayak
UNASSIGNED,gs://automl_image_data_my/kayak/38.jpg,Kayak
UNASSIGNED,gs://automl_image_data_my/kayak/39.jpg,Kayak
UNASSIGNED,gs://automl_image_data_my/kayak/4.jpg,Kayak
UNASSIGNED,gs://automl_image_data_my/kayak/40.jpg,Kayak
UNASSIGNED,gs://automl_image_data_my/kayak/41.jpg,Kayak
UNASSIGNED,gs://automl_image_data_my/kayak/42.jpg,Kayak
UNASSIGNED,gs://automl_image_data_my/kayak/43.jpg,Kayak
UNASSIGNED,gs://automl_image_data_my/kayak/44.jpg,Kayak
UNASSIGNED,gs://automl_image_data_my/kayak/45.jpg,Kayak
UNASSIGNED,gs://automl_image_data_my/kayak/46.jpg,Kayak
UNASSIGNED,gs://automl_image_data_my/kayak/47.jpg,Kayak
UNASSIGNED,gs://automl_image_data_my/kayak/48.jpg,Kayak
UNASSIGNED,gs://automl_image_data_my/kayak/49.jpg,Kayak
UNASSIGNED,gs://automl_image_data_my/kayak/5.jpg,Kayak
UNASSIGNED,gs://automl_image_data_my/kayak/50.jpg,Kayak
UNASSIGNED,gs://automl_image_data_my/kayak/6.jpg,Kayak
UNASSIGNED,gs://automl_image_data_my/kayak/7.jpg,Kayak
UNASSIGNED,gs://automl_image_data_my/kayak/8.jpg,Kayak
UNASSIGNED,gs://automl_image_data_my/kayak/9.jpg,Kayak
